task,phi_t,dphi_t,E_t,Q_t,E_tm1,Q_tm1,dE_t,dQ_t,E_true,Q_true,E_pred,Q_pred,Q_raw_pred,Q_sign_prob_positive,p_surprise,state_pred,label
12,0.0432776971984761,0.723447310192633,-9.023433909991104,-0.0008326698446346,-6.210511495014797,-0.0001457985141157,-2.812922414976307,-0.0006868713305188999,-9.175428827950348,-0.0001009149331113,-8.031437209704121,-0.020153544683327973,-0.020153544683327973,0.48027715360355816,0.4210821283837981,CoCreation,P1
15,0.9114616395910036,0.8623599966038205,-9.175428827950348,-0.0001009149331113,-9.023433909991104,-0.0008326698446346,-0.1519949179592448,0.0007317549115233,-7.923152105794483,-0.0047720281371163,-7.395594581238508,-0.03475852228305455,-0.03475852228305455,0.38461206903876344,0.816036815344824,Surprise,P1
18,-0.5561181988981052,-0.2879391792239375,-7.923152105794483,-0.0047720281371163,-9.175428827950348,-0.0001009149331113,1.252276722155865,-0.004671113204005001,-9.909459887432227,-0.0005978056268842,-7.816551160699938,-0.020138832139119125,-0.020138832139119125,0.48083278708412985,0.3600523636870681,CoCreation,P1
20,1.1481127436923584,1.5491151012429545,-9.184951280863284,-0.0483003384243863,-7.21329392896286,-0.0479536056040043,-1.9716573519004248,-0.0003467328203820008,-6.751552846338733,-0.0387717641349623,-7.389819183914229,-0.06166424635605985,-0.03493643049271276,0.3928080272688548,0.7833620233523957,Surprise,P10
22,-0.2455012726045207,-1.393614016296879,-6.751552846338733,-0.0387717641349623,-9.184951280863284,-0.0483003384243863,2.433398434524552,0.009528574289424004,-6.352313573984536,-0.0827191924056007,-7.063999366853176,-0.04257606370868761,-0.034967464561236984,0.3910676508258789,0.7858508608675965,Surprise,P10
23,0.9983086233129618,0.0084988758864945,-6.352313573984536,-0.0827191924056007,-6.751552846338733,-0.0387717641349623,0.39923927235419665,-0.043947428270638404,-9.78914239701414,-0.04019407555453,-6.935765964197089,-0.1309276620053001,-0.034510722805901325,0.3991916900907863,0.932449329285471,Surprise,P10
26,0.1623887469497314,-0.8359198763632304,-9.78914239701414,-0.04019407555453,-6.352313573984536,-0.0827191924056007,-3.4368288230296047,0.0425251168510707,-6.242023045296131,-0.0314416151062796,-7.460642573706546,-0.04406200547849425,-0.03632614563056575,0.3910047868434434,0.8358373546813157,Surprise,P10
5,-0.3278359411255114,-0.9463747987018968,-6.922136809638038,-0.018091435297832,-6.945914204392407,-0.0336213625695785,0.023777394754369574,0.015529927271746496,-9.489639628999411,-0.037429387227848,-6.911709129319303,-0.03492245677566007,-0.03492245677566007,0.36169282945285497,0.6567952242723197,Surprise,P11
6,0.1850307675809923,-0.2244386593456751,-9.489639628999411,-0.037429387227848,-6.922136809638038,-0.018091435297832,-2.5675028193613736,-0.019337951930015997,-7.342024488448881,-0.038922460106447,-7.427437548323005,-0.0406255959720774,-0.0342331784836186,0.3651717375519626,0.7379019770832311,Surprise,P11
12,-0.5541698397823083,-0.7392006073633006,-7.342024488448881,-0.038922460106447,-9.489639628999411,-0.037429387227848,2.1476151405505304,-0.0014930728785990041,-6.9299473499709405,-0.0101673698970162,-7.820789783840797,-0.015417675007867074,-0.015417675007867076,0.5111552614330106,0.4714886895641792,CoCreation,P11
14,-0.2692175382860453,0.5221961639116675,-6.9299473499709405,-0.0101673698970162,-7.342024488448881,-0.038922460106447,0.41207713847794025,0.028755090209430803,-6.35419190932757,-0.0487087538245667,-7.963597348930808,-0.004842863298490364,-0.015491876495542036,0.5071220506694984,0.2953144084694019,CoCreation,P11
19,0.6341037203898959,-0.7811557743392715,-6.35419190932757,-0.0487087538245667,-6.9299473499709405,-0.0101673698970162,0.5757554406433707,-0.0385413839275505,-8.243962703996823,-0.0629012334070629,-6.7964995308871465,-0.0635398295362021,-0.033877678112931305,0.367191299267593,0.93782672376656,Surprise,P11
21,0.389394089866212,0.7220639770571358,-8.243962703996823,-0.0629012334070629,-6.35419190932757,-0.0487087538245667,-1.8897707946692535,-0.014192479582496198,-9.582161225195764,-0.0632120078283092,-7.146432373252212,-0.09038147757755391,-0.035420989236571894,0.3690466159469373,0.6096978004824398,Surprise,P11
22,0.512488297500349,-0.073436368042099,-9.582161225195764,-0.0632120078283092,-8.243962703996823,-0.0629012334070629,-1.3381985211989402,-0.0003107744212463015,-7.312335850506447,-0.0542736775973298,-7.51629873686993,-0.09042149265789753,-0.036002522998720865,0.3688968323145472,0.8363149138096687,Surprise,P11
25,-0.1122811092762357,-0.6247694067765848,-7.312335850506447,-0.0542736775973298,-9.582161225195764,-0.0632120078283092,2.269825374689317,0.008938330230979397,-6.979524509062894,-0.1347790265859083,-7.130348210135381,-0.07250803175472395,-0.03603932343993565,0.36737792362208305,0.6880029222809649,Surprise,P11
6,-0.3800008789855729,-0.3938146918390146,-9.45145281466306,-0.0855119974687563,-7.690273321874888,-0.0865713468574428,-1.7611794927881723,0.0010593493886865007,-8.716277040348368,-0.0633921076483165,-8.03205630564672,-0.015105954940383151,-0.015105954940383144,0.5086461895577927,0.4707735599763769,CoCreation,P12
11,-0.1179438413485082,0.8375449919028451,-8.716277040348368,-0.0633921076483165,-9.45145281466306,-0.0855119974687563,0.7351757743146923,0.022119889820439803,-6.962838973111379,-0.0358677143914811,-7.853797231468825,-0.015257864370524954,-0.015257864370524956,0.5058215155406398,0.3104672041993062,CoCreation,P12
13,0.0037702225544578,-2.695391971871573,-6.962838973111379,-0.0358677143914811,-8.716277040348368,-0.0633921076483165,1.7534380672369894,0.0275243932568354,-6.731478985267688,-0.0622990172277095,-7.0665054201252575,-0.03634443645740838,-0.035390992325553816,0.37755879732061837,0.9603620379117236,Surprise,P12
14,0.5127344648660427,1.8176310133053415,-6.731478985267688,-0.0622990172277095,-6.962838973111379,-0.0358677143914811,0.23135998784369072,-0.026431302836228403,-9.047132705806764,-0.136324825503602,-7.869814546387183,-0.015363999183963958,-0.015363999183963958,0.5146047004429423,0.41141054744015587,CoCreation,P12
3,-0.0664746474244472,-0.1672036755203036,-7.551347350836124,-0.0408248716500746,-8.850426923733883,-0.0642606357942938,1.2990795728977584,0.023435764144219197,-9.234712014516866,-0.0857703331825665,-7.142936164435223,-0.04837191944911674,-0.03327782385103245,0.3951116450312364,0.5820294429125024,Surprise,P13
4,0.0523966888248588,0.1188713362493061,-9.234712014516866,-0.0857703331825665,-7.551347350836124,-0.0408248716500746,-1.6833646636807416,-0.0449454615324919,-7.111005304208911,-0.1284773251254128,-7.3984147315502975,-0.13977364634343736,-0.03176702002169564,0.40470208769412536,0.5725475168605313,Surprise,P13
5,0.6423523417600142,0.5899556529351554,-7.111005304208911,-0.1284773251254128,-9.234712014516866,-0.0857703331825665,2.123706710307955,-0.0427069919428463,-8.271064262015063,-0.0828154034885907,-7.076513128659944,-0.22375551055450815,-0.03319913969631745,0.4115675484613349,0.7504172024410143,Surprise,P13
6,-0.2090873794880322,-0.8514397212480465,-8.271064262015063,-0.0828154034885907,-7.111005304208911,-0.1284773251254128,-1.160058957806152,0.04566192163682209,-7.296969369843144,-0.0498663572909187,-7.241349516806719,-0.13009051420875023,-0.03554029276843117,0.4011257716933451,0.6764948784995941,Surprise,P13
7,0.1396543673610066,0.3487417468490389,-7.296969369843144,-0.0498663572909187,-8.271064262015063,-0.0828154034885907,0.9740948921719186,0.032949046197672006,-7.347661560527521,-0.0499400674579349,-7.097244480680505,-0.06576603305274,-0.0339666815290974,0.39624325881882094,0.5603906712615515,Surprise,P13
10,0.4017436938275831,0.2620893264665764,-7.347661560527521,-0.0499400674579349,-7.296969369843144,-0.0498663572909187,-0.05069219068437647,-7.371016701620409e-05,-6.910284378305639,-0.0644448246293012,-7.096397048799802,-0.06732005878561344,-0.03256007613025637,0.39737847053704345,0.713888872570449,Surprise,P13
12,-0.0519668181041388,0.1423706378253301,-6.910284378305639,-0.0644448246293012,-7.347661560527521,-0.0499400674579349,0.4373771822218817,-0.014504757171366303,-8.912886854862338,-0.0474589633277433,-7.027397574820431,-0.09649131174873742,-0.032398337509865,0.4002104825360987,0.5091090548128892,Surprise,P13
13,-0.0020672002887398,-0.6620014301977141,-8.912886854862338,-0.0474589633277433,-6.910284378305639,-0.0644448246293012,-2.0026024765566985,0.01698586130155791,-8.063618031308474,-0.0375735023702266,-7.341447729715201,-0.06170765773280142,-0.03321026892268517,0.3963984479664985,0.7302668483102484,Surprise,P13
15,-0.174563646671308,-0.1724964463825682,-8.063618031308474,-0.0375735023702266,-8.912886854862338,-0.0474589633277433,0.8492688235538637,0.009885460957516697,-9.12662991814601,-0.0401050714766423,-7.224863554222104,-0.04254906234809014,-0.03259794239236306,0.39504897314985227,0.5243417220922875,Surprise,P13
21,-0.0160584859505096,-0.5795281724698784,-9.12662991814601,-0.0401050714766423,-8.063618031308474,-0.0375735023702266,-1.0630118868375362,-0.0025315691064157,-8.176881496809017,-0.0466618938538085,-7.385929048018896,-0.04806274040607753,-0.03214740254720707,0.3958781622484914,0.7063971698340046,Surprise,P13
23,-0.0409270470475384,0.1357212534873226,-8.176881496809017,-0.0466618938538085,-9.12662991814601,-0.0401050714766423,0.9497484213369933,-0.006556822377166198,-8.541638641227536,-0.0851271401108302,-7.244804117224888,-0.06114291100102476,-0.03218087670659224,0.39707087167903715,0.5169673810156329,Surprise,P13
11,-0.6299128890195028,-1.600326954479266,-9.41100228746171,-0.0575986824422098,-6.608537478559019,-0.0395713064105599,-2.8024648089026902,-0.018027376031649903,-8.508845911157604,-0.0849328532510652,-7.379509157338092,-0.08157299140117895,-0.033624373483240655,0.3898062133274288,0.6535375036499991,Surprise,P14
12,-0.3231904912554745,0.1064879608418674,-8.508845911157604,-0.0849328532510652,-9.41100228746171,-0.0575986824422098,0.9021563763041058,-0.027334170808855397,-8.58031492426075,-0.0456599608880169,-7.788152747573148,-0.15150418197316784,-0.018361524528962562,0.4805276975795094,0.36616884250816667,CoCreation,P14
13,-0.3604371675261452,-0.0372466762706706,-8.58031492426075,-0.0456599608880169,-8.508845911157604,-0.0849328532510652,-0.07146901310314568,0.039272892363048297,-8.101546915784057,-0.0861988167401811,-7.871470744720699,-0.07282000560111956,-0.018499916174914248,0.4702938340698083,0.38338477960810863,CoCreation,P14
14,0.1237954321810497,0.4842325997071949,-8.101546915784057,-0.0861988167401811,-8.58031492426075,-0.0456599608880169,0.4787680084766919,-0.04053885585216419,-8.666901392174413,-0.0864300251982307,-7.1841049834450885,-0.13863238786799695,-0.03376524561236525,0.3947039147931249,0.5145777237477621,Surprise,P14
18,0.3698560066373196,0.2460605744562699,-8.666901392174413,-0.0864300251982307,-8.101546915784057,-0.0861988167401811,-0.5653544763903557,-0.00023120845804960877,-8.20618632107266,-0.0479536056040043,-7.270586322980486,-0.13762170973072776,-0.03523834066573365,0.39440081415433015,0.7079639223692217,Surprise,P14
19,0.5643100796177033,0.9477129791155642,-8.20618632107266,-0.0479536056040043,-8.666901392174413,-0.0864300251982307,0.46071507110175247,0.0384764195942264,-7.729149933557726,-0.0468740410311271,-7.20110662416961,-0.06055220138584218,-0.035355009822166425,0.3877478723499827,0.6354705467256382,Surprise,P14
21,0.1804857234108187,-0.3838243562068845,-7.729149933557726,-0.0468740410311271,-8.20618632107266,-0.0479536056040043,0.4770363875149348,0.0010795645728772021,-7.822812987113302,-0.0645514203560467,-7.123223767037894,-0.059788802606742845,-0.03395927945551135,0.38788555500822275,0.7590741092635422,Surprise,P14
26,-0.0673720156143972,0.2124107410761896,-7.822812987113302,-0.0645514203560467,-7.729149933557726,-0.0468740410311271,-0.09366305355557625,-0.017677379324919605,-9.267575631921927,-0.0460652202126775,-7.90429464749696,-0.11066824663518124,-0.018434594076912163,0.47993390190706886,0.48015608285953215,CoCreation,P14
9,-0.2157969087788566,-0.5459172605605579,-8.515060075830828,-0.0452932714480557,-8.220449246808272,-0.0671471490459571,-0.294610829022556,0.021853877597901403,-8.663292704298973,-0.0850668895486631,-7.301697968410445,-0.05390530103599211,-0.03668124186011929,0.38421330607148085,0.6218746609975904,Surprise,P15
11,-1.0979796502785129,-1.278942092544436,-8.663292704298973,-0.0850668895486631,-8.515060075830828,-0.0452932714480557,-0.14823262846814522,-0.039773618100607394,-8.688085354562459,0.309199984975779,-7.86918135556133,-0.13860885341678006,-0.03152492568054612,0.4828053276433031,0.33811457922879334,CoCreation,P15
26,1.7545323669625217,-0.4135778953895772,-8.688085354562459,0.309199984975779,-8.663292704298973,-0.0850668895486631,-0.024792650263485427,0.3942668745244421,-8.560395609983454,-0.0865713468574428,-7.336670159537771,-0.03769512835837591,-0.03769512835837588,0.32296869155019553,0.9919782880060287,Surprise,P15
5,0.054968401880084,-0.1998438067884957,-7.364646878189827,-0.0638486978943062,-8.016223717775919,-0.0908940943213766,0.6515768395860917,0.027045396427070406,-6.715167754079798,-0.0506972660212224,-7.153680758276034,-0.0912769112493971,-0.036420484539215287,0.3521480322969088,0.656215076426733,Surprise,P16
9,0.0078715888380074,0.1807718905465666,-6.715167754079798,-0.0506972660212224,-7.364646878189827,-0.0638486978943062,0.6494791241100293,0.013151431873083798,-8.59197811593399,0.311453504083885,-7.054088519474496,-0.06598871271377199,-0.03540581932867281,0.3506633329505704,0.5316264174617578,Surprise,P16
13,-0.3149445727890242,-0.5182607620863754,-8.59197811593399,0.311453504083885,-6.715167754079798,-0.0506972660212224,-1.8768103618541927,0.3621507701051074,-6.620158908850443,-0.0474399558377578,-7.514494285448306,-0.03396435211888499,-0.033964352118885,0.3125968476663563,0.5393626381452328,Surprise,P16
15,-0.4511753395211577,0.0365639292495658,-6.620158908850443,-0.0474399558377578,-8.59197811593399,0.311453504083885,1.9718192070835476,-0.3588934599216428,-9.100690556035689,-0.0844310955644664,-7.653991224865095,-0.01421095780576842,-0.014210957805768424,0.5233425964563735,0.32029609172570195,CoCreation,P16
17,-0.3103442635843216,-0.8131050983814269,-9.100690556035689,-0.0844310955644664,-6.620158908850443,-0.0474399558377578,-2.480531647185246,-0.0369911397267086,-6.91695512778099,-0.0625556765363187,-7.633764521763856,-0.1339608183859113,-0.0349013727430215,0.3542762279922808,0.6197528361892641,Surprise,P16
19,0.2726579370655083,0.3772316260589274,-6.91695512778099,-0.0625556765363187,-9.100690556035689,-0.0844310955644664,2.183735428254699,0.0218754190281477,-9.069904273352272,0.2799297853590345,-6.980495975398459,-0.08892841212059988,-0.03618294095203752,0.35199304010946614,0.624964203376981,Surprise,P16
20,0.2739724031543097,-1.050463144581605,-9.069904273352272,0.2799297853590345,-6.91695512778099,-0.0625556765363187,-2.1529491455712817,0.3424854618953532,-6.88734038612878,-0.0841664301667747,-7.606707943012546,-0.03447788683344821,-0.034477886833448226,0.3158445030607389,0.8874345677008562,Surprise,P16
26,-0.4921458976769168,-0.7661183008312265,-6.88734038612878,-0.0841664301667747,-9.069904273352272,0.2799297853590345,2.182563887223492,-0.36409621552580923,-10.149007736511903,-0.0422100229836938,-6.976028136112777,-0.1452899282240239,-0.02304293210952551,0.353480391503317,0.5068103438775029,Surprise,P16
27,1.2342061678155964,0.3003884397411299,-10.149007736511903,-0.0422100229836938,-6.88734038612878,-0.0841664301667747,-3.2616673503831235,0.041956407183080906,-5.951359353093,-0.0391614447236023,-7.847990552807317,-0.04830091124743589,-0.03611913471995171,0.3497947542970415,0.940684641474156,Surprise,P16
11,-0.6518583585190046,-2.8320696235147595,-8.304323416194425,-0.064935923585942,-8.846435136272708,-0.0534783408043511,0.5421117200782835,-0.011457582781590897,-10.379691053537496,-0.0559643280468952,-7.230336269905858,-0.09349689275602152,-0.03637495441586247,0.3748500991968552,0.8889651534918594,Surprise,P17
14,0.7165017882450326,0.1949165335538439,-10.379691053537496,-0.0559643280468952,-8.304323416194425,-0.064935923585942,-2.0753676373430707,0.008971595539046799,-8.434007910391495,-0.0879761468416283,-7.519044360129133,-0.07508883661038782,-0.03683981948340257,0.3731120329446048,0.858727040706795,Surprise,P17
26,-0.0251437748470099,-0.7730495538228065,-8.434007910391495,-0.0879761468416283,-10.379691053537496,-0.0559643280468952,1.9456831431460007,-0.0320118187947331,-9.499694153862126,-0.0654208051210943,-7.252513835099684,-0.1394894701198786,-0.03646282356337799,0.3787779841280332,0.7613059705448664,Surprise,P17
27,-0.3294258821040601,0.2288665345074998,-9.499694153862126,-0.0654208051210943,-8.434007910391495,-0.0879761468416283,-1.0656862434706316,0.022555341720534,-8.927945791251252,-0.0263098475956007,-7.955965091729731,-0.11142922726978466,-0.019412382972403948,0.48915825490848863,0.3193824382081926,CoCreation,P17
5,-0.723897203099296,-1.021312915878796,-9.93427438896175,-0.0657154804485364,-6.6183993400753725,-0.142889339084842,-3.3158750488863777,0.0771738586363056,-7.993754599173746,-0.0461523870358788,-8.155392264338378,-0.014909562494602985,-0.014909562494602988,0.5072300208288624,0.4528895123667225,CoCreation,P18
8,0.996196042706756,1.1680960283592992,-7.993754599173746,-0.0461523870358788,-9.93427438896175,-0.0657154804485364,1.940519789788004,0.019563093412657592,-10.116801209851957,-0.0860440806370294,-7.267061760477619,-0.05625527071344603,-0.03604950335831158,0.37216632862762844,0.7845914039087095,Surprise,P18
9,-0.2716357389523995,-2.0949183347252753,-10.116801209851957,-0.0860440806370294,-7.993754599173746,-0.0461523870358788,-2.1230466106782107,-0.039891693601150593,-7.78108841021465,-0.0388765083853679,-7.544214090355456,-0.13613335484686878,-0.03595480642719002,0.3772106202044892,0.8902147046717617,Surprise,P18
10,-0.7061912253353546,-0.4345554863829551,-7.78108841021465,-0.0388765083853679,-10.116801209851957,-0.0860440806370294,2.3357127996373066,0.047167572251661495,-7.158479332539719,-0.0850202673271385,-7.8310733464737865,-0.01514519736498559,-0.015145197364985591,0.5105367229142734,0.30552134479806403,CoCreation,P18
11,0.5758100037239873,1.282001229059342,-7.158479332539719,-0.0850202673271385,-7.78108841021465,-0.0388765083853679,0.6226090776749311,-0.04614375894177059,-9.080227563007616,-0.0383077149713467,-7.059325664150899,-0.13432566283573993,-0.03571487181853706,0.3770840069168218,0.546332676982708,Surprise,P18
13,-0.1301665303566339,-0.7059765340806212,-9.080227563007616,-0.0383077149713467,-7.158479332539719,-0.0850202673271385,-1.9217482304678972,0.046712552355791796,-9.496809042058953,0.2841808601779718,-7.348569822026587,-0.04006563463966925,-0.036549795303024143,0.37117130909100443,0.6958731901738545,Surprise,P18
17,-0.3073091078580874,-1.2174193735567127,-9.496809042058953,0.2841808601779718,-9.080227563007616,-0.0383077149713467,-0.41658147905133625,0.3224885751493185,-7.244573470929385,-0.0622164780443446,-7.480866218839395,-0.030931718524082608,-0.030931718524082618,0.3316157312991538,0.7316990502673154,Surprise,P18
19,-0.2417776359371927,0.3578928011602614,-7.244573470929385,-0.0622164780443446,-9.496809042058953,0.2841808601779718,2.2522355711295674,-0.3463973382223164,-7.380906923826219,-0.0269881805625729,-7.850045063009524,-0.0163824876284122,-0.016382487628412195,0.5490918005521735,0.3425140052674773,CoCreation,P18
22,1.026305747658785,0.1230573083906129,-7.380906923826219,-0.0269881805625729,-7.244573470929385,-0.0622164780443446,-0.1363334528968334,0.035228297481771705,-7.106896709975703,-0.0481838549438024,-7.077087012048035,-0.03569311255885502,-0.03569311255885502,0.3697580507528725,0.9283503458694812,Surprise,P18
23,-0.2919873761781572,0.5427717365991522,-7.106896709975703,-0.0481838549438024,-7.380906923826219,-0.0269881805625729,0.2740102138505156,-0.021195674381229504,-7.139233918464261,-0.0196170372594944,-7.985808561749921,-0.015334181033118857,-0.015334181033118855,0.5171905189907371,0.27272890865507216,CoCreation,P18
25,0.2588142417484418,0.5508016179265991,-7.139233918464261,-0.0196170372594944,-7.106896709975703,-0.0481838549438024,-0.032337208488558034,0.028566817684308004,-7.866740070611015,-0.0243823572229996,-7.033404310774882,-0.03516070701025214,-0.03516070701025214,0.36883861951295627,0.5717110733439271,Surprise,P18
27,-0.777945836025829,-1.3596697136065068,-7.866740070611015,-0.0243823572229996,-7.139233918464261,-0.0196170372594944,-0.7275061521467538,-0.0047653199635052,-7.535888348385769,-0.0622835193709461,-7.151971892763652,-0.034332059335878906,-0.034332059335878906,0.369448198335301,0.5184262468515047,Surprise,P18
10,-0.3938459921956311,-0.9370446558636388,-6.908083686705839,-0.0150096769866465,-8.14630490179207,-0.0082568353635846,1.23822121508623,-0.0067528416230619,-9.424658466306315,-0.006315046351627,-7.060925262651223,-0.03482516588501289,-0.03482516588501289,0.38718332207693,0.6586411208326566,Surprise,P19
12,0.4975676259116478,0.5095671317502645,-9.424658466306315,-0.006315046351627,-6.908083686705839,-0.0150096769866465,-2.516574779600476,0.0086946306350195,-7.391874566720967,-0.0080606421361915,-7.417835596394095,-0.03509177146688443,-0.03509177146688443,0.3855253089580231,0.7461973780899529,Surprise,P19
14,0.9504115475091288,0.4464349390483131,-7.391874566720967,-0.0080606421361915,-9.424658466306315,-0.006315046351627,2.0327838995853487,-0.001745595784564501,-6.226178894702424,-0.0139200489385366,-7.184931389475461,-0.03475531860272077,-0.03475531860272077,0.3859617070631333,0.9084056342858601,Surprise,P19
16,-0.2081099235620796,0.8597452396406149,-6.226178894702424,-0.0139200489385366,-7.391874566720967,-0.0080606421361915,1.1656956720185425,-0.005859406802345099,-9.683649106697784,-0.0170340854167393,-7.756417044131247,-0.00760629055076012,-0.02023380732631308,0.548751002136027,0.24370955858798826,CoCreation,P19
17,1.4729428198811871,-0.1202371037130065,-9.683649106697784,-0.0170340854167393,-6.226178894702424,-0.0139200489385366,-3.4574702119953598,-0.0031140364782027002,-6.585792146484149,-0.0086050430420882,-7.434311961918415,-0.0350420328830916,-0.0350420328830916,0.38746731006448015,0.9868399348702809,Surprise,P19
18,-0.1532705470505471,-1.6262133669317342,-6.585792146484149,-0.0086050430420882,-9.683649106697784,-0.0170340854167393,3.097856960213635,0.0084290423746511,-6.655045708227437,-0.0119536808692249,-7.065582366257836,-0.035168164355562144,-0.035168164355562144,0.38590798498831413,0.8934369461866271,Surprise,P19
22,0.9914935625055415,1.1447641095560883,-6.655045708227437,-0.0119536808692249,-6.585792146484149,-0.0086050430420882,-0.06925356174328812,-0.003348637827136699,-7.167653935548664,-0.0090728791110642,-6.963485697642613,-0.034840794156590145,-0.034840794156590145,0.38662890891245005,0.8206382614109251,Surprise,P19
24,-0.3938457376152121,-0.4488644848076,-7.167653935548664,-0.0090728791110642,-6.655045708227437,-0.0119536808692249,-0.5126082273212269,0.0028808017581606997,-9.119345575319157,-0.0069440403925497,-7.047928926627731,-0.034971968094003825,-0.034971968094003825,0.38606384757456264,0.5110808782780891,Surprise,P19
10,-0.2485023299814101,-0.8661584852159341,-8.400464184465125,-0.0063749459065658,-8.570136017579753,-0.0070119284332139,0.1696718331146272,0.0006369825266481005,-7.432594995403991,-0.0006387475927984,-7.287485231344223,-0.03661078594582489,-0.03661078594582489,0.3589327582466972,0.679142122363849,Surprise,P2
12,0.2264249213504709,0.4749272513318811,-7.432594995403991,-0.0006387475927984,-8.400464184465125,-0.0063749459065658,0.9678691890611342,0.0057361983137674,-7.500163953114042,-0.002449799627623,-7.143656245584889,-0.03659418420028443,-0.03659418420028443,0.3579351680357685,0.5834445859253473,Surprise,P2
13,0.3173481352884276,0.1260620538361303,-7.500163953114042,-0.002449799627623,-7.432594995403991,-0.0006387475927984,-0.06756895771005045,-0.0018110520348245999,-6.263274173202823,-0.0104839581880435,-7.1564143203550925,-0.03639288039705809,-0.03639288039705809,0.3582365452268783,0.7180211211420174,Surprise,P2
17,-0.1794463379722348,-0.4967944732606625,-6.263274173202823,-0.0104839581880435,-7.500163953114042,-0.002449799627623,1.2368897799112188,-0.008034158560420501,-9.126159097172115,-0.0009297448206656,-6.971819127718614,-0.036448098991493184,-0.036448098991493184,0.35963672328249846,0.6212687457978762,Surprise,P2
20,1.7051010681896022,0.6221549092111411,-9.126159097172115,-0.0009297448206656,-6.263274173202823,-0.0104839581880435,-2.8628849239692924,0.009554213367377901,-7.299002609657456,-0.0030484452006956,-7.40207672698245,-0.0367368453953572,-0.0367368453953572,0.35799498049079814,0.972158619257265,Surprise,P2
21,0.1461475817498939,0.7827708534107998,-7.299002609657456,-0.0030484452006956,-9.126159097172115,-0.0009297448206656,1.8271564875146593,-0.00211870038003,-6.046333831007509,-0.0006145133804067,-7.742861260292905,-0.020109139747626542,-0.020109139747626542,0.4805254854969033,0.4524874649300468,CoCreation,P2
27,0.4068888191962467,0.2607412374463528,-6.046333831007509,-0.0006145133804067,-7.299002609657456,-0.0030484452006956,1.252668778649947,0.0024339318202888996,-6.228590369952456,-0.0003882898463586,-6.940033396427244,-0.03647848634128126,-0.03647848634128126,0.3579234277585386,0.7288647272737285,Surprise,P2
6,-0.4141864461545247,-0.3779126911693663,-5.510948677492412,-0.0191325936544906,-8.326810324213348,-0.019277637659563,2.8158616467209354,0.00014504400507240126,-7.890110619017021,-0.0147436009313746,-7.843368794974695,-0.02049420000644632,-0.02049420000644632,0.4616244521567725,0.45971193980271746,CoCreation,P20
10,-0.0160220125303677,-0.1650787271854969,-7.890110619017021,-0.0147436009313746,-5.510948677492412,-0.0191325936544906,-2.3791619415246084,0.004388992723116001,-9.920740662802544,-0.0044073423606525,-7.156870494307489,-0.03603178868886918,-0.03603178868886918,0.35292924952269705,0.6191217420491686,Surprise,P20
13,0.5358399373762841,0.7339474181022833,-9.920740662802544,-0.0044073423606525,-7.890110619017021,-0.0147436009313746,-2.030630043785523,0.010336258570722099,-9.167223709822562,-0.0194946675153009,-7.565831294786408,-0.035870474373033014,-0.035870474373033014,0.35116990355382055,0.6769834050728146,Surprise,P20
15,0.0810897213434887,-0.854626714396777,-9.167223709822562,-0.0194946675153009,-9.920740662802544,-0.0044073423606525,0.7535169529799823,-0.0150873251546484,-6.584179376498634,-0.0040484169293049,-7.491628131623407,-0.03550012570422106,-0.03550012570422106,0.3535815027207087,0.8073823735059039,Surprise,P20
16,0.1526949062364092,0.6196134785395866,-6.584179376498634,-0.0040484169293049,-9.167223709822562,-0.0194946675153009,2.5830443333239277,0.015446250585996,-6.880412087270981,-0.0121536486476402,-7.031913575826014,-0.03604229858499966,-0.03604229858499966,0.3511549395648063,0.5051790369770824,Surprise,P20
18,-0.2721958729013026,-0.4248907791377118,-6.880412087270981,-0.0121536486476402,-6.584179376498634,-0.0040484169293049,-0.2962327107723475,-0.008105231718335298,-6.382432248544068,-0.0090037297613782,-7.013578504260421,-0.0354853598392485,-0.0354853598392485,0.35235646216496613,0.549874165683559,Surprise,P20
19,-0.4437030955881286,0.634829432224075,-6.382432248544068,-0.0090037297613782,-6.880412087270981,-0.0121536486476402,0.49797983872691365,0.0031499188862619994,-9.026941882110217,-0.0058170245149866,-7.960545853563651,-0.02052231321054578,-0.02052231321054578,0.46152415293837445,0.21340957435793623,CoCreation,P20
21,0.4658972533678036,0.909600348955932,-9.026941882110217,-0.0058170245149866,-6.382432248544068,-0.0090037297613782,-2.644509633566149,0.0031867052463916004,-9.599839048531374,-0.0129642370309369,-7.373566795568387,-0.0356631261332736,-0.0356631261332736,0.35135005594118535,0.5985485627748295,Surprise,P20
25,-0.8121963500091459,-1.1881883257034838,-9.599839048531374,-0.0129642370309369,-9.026941882110217,-0.0058170245149866,-0.5728971664211571,-0.007147212515950301,-8.214405626051208,-0.015510094160092,-7.684240679813154,-0.020493698864861687,-0.020493698864861687,0.46332094284025704,0.45699983213694306,CoCreation,P20
26,0.1374396688953774,-0.5739550290983408,-8.214405626051208,-0.015510094160092,-9.599839048531374,-0.0129642370309369,1.3854334224801654,-0.0025458571291551,-9.986071797592167,-0.0092484785740128,-7.320908123981868,-0.03580878042481253,-0.03580878042481253,0.3529987299873093,0.7786740604193967,Surprise,P20
27,-0.9625703249552976,-1.100009993850675,-9.986071797592167,-0.0092484785740128,-8.214405626051208,-0.015510094160092,-1.771666171540959,0.006261615586079201,-10.088400908945037,-0.0033669127332206,-7.75241275243622,-0.020527785163117998,-0.020527785163117998,0.4609132861849422,0.35517801805113725,CoCreation,P20
10,0.3094937423534417,0.8497129665102984,-7.610123886789768,-0.0265980558565793,-8.675578645815843,-0.0396389090967563,1.0654547590260757,0.013040853240176998,-6.629780018919138,-0.0184069942738251,-7.172286673768289,-0.03596046511052935,-0.03596046511052935,0.36841306251071015,0.5507551555870496,Surprise,P21
11,1.001296214378904,2.0654219494110033,-6.629780018919138,-0.0184069942738251,-7.610123886789768,-0.0265980558565793,0.98034386787063,0.008191061582754199,-7.370816957342996,-0.0272093885063955,-6.991017034198688,-0.03545117170831121,-0.03545117170831121,0.3670971567882299,0.6335738425795165,Surprise,P21
27,1.8847078092300096,0.8834115948511054,-7.370816957342996,-0.0272093885063955,-6.629780018919138,-0.0184069942738251,-0.741036938423858,-0.008802394232570399,-8.429328807413881,-0.0312986053800306,-7.093669799921761,-0.03512159068256915,-0.03512159068256915,0.36870621233719814,0.980532297717988,Surprise,P21
4,-0.2759284326593219,-1.006621916426608,-9.127844049985812,-0.0269419874670322,-9.079624438446595,-0.0664190168172126,-0.048219611539217055,0.039477029350180395,-6.9296899771390725,-0.1361804740074933,-7.440910847331681,-0.03436840166594883,-0.03436840166594883,0.39682071354397697,0.6876797080123219,Surprise,P22
5,0.6614820971464731,0.9374105298057952,-6.9296899771390725,-0.1361804740074933,-9.127844049985812,-0.0269419874670322,2.19815407284674,-0.1092384865404611,-6.017014619428448,-0.1265061966381255,-7.060874850424837,-0.2394306460031733,-0.03293030201181333,0.41725717172620536,0.692957373747998,Surprise,P22
8,0.35005066963124,-0.311431427515233,-6.017014619428448,-0.1265061966381255,-6.9296899771390725,-0.1361804740074933,0.9126753577106248,0.009674277369367795,-8.487820447317691,-0.027402591860306,-6.851957632492493,-0.21616825911195447,-0.03684413416429656,0.4145319050815842,0.809237416982109,Surprise,P22
11,0.5426624138578591,0.8954974831566775,-8.487820447317691,-0.027402591860306,-6.017014619428448,-0.1265061966381255,-2.4708058278892437,0.09910360477781952,-8.911628110691579,-0.0316488153121142,-7.259345342363757,-0.036519928636705744,-0.036519928636705744,0.39639909065401974,0.6442923690472624,Surprise,P22
25,0.7274272339071841,0.9156184849872444,-8.911628110691579,-0.0316488153121142,-8.487820447317691,-0.027402591860306,-0.4238076633738874,-0.004246223451808199,-7.436000776950076,-0.0414444399529559,-7.389779945047798,-0.03297022791629863,-0.03297022791629863,0.3980088025306827,0.7278643517128265,Surprise,P22
27,-0.0614443897968476,0.933171272503352,-7.436000776950076,-0.0414444399529559,-8.911628110691579,-0.0316488153121142,1.4756273337415031,-0.009795624640841702,-7.054427459854986,-0.0620667481961289,-7.856865086250105,-0.018002969263364487,-0.018002969263364487,0.5124466652737415,0.312160247607144,CoCreation,P22
14,0.1710734466663782,-1.35317314500175,-6.716135206157841,-0.000659269895,-9.996291303169592,-0.000724896346555,3.2801560970117505,6.562645155500004e-05,-7.493262808118379,-0.0006915755309206,-6.971330651619401,-0.03484644800535202,-0.03484644800535202,0.3847160344747644,0.9075884684309151,Surprise,P24
15,0.1849213579666586,0.7813916125072163,-7.493262808118379,-0.0006915755309206,-6.716135206157841,-0.000659269895,-0.7771276019605375,-3.2305635920599975e-05,-6.0867355949406985,-0.0032966987459285,-8.107845703157505,-0.02082583920489861,-0.02082583920489861,0.49632984205606456,0.48308325473550756,CoCreation,P24
17,0.4945281265908429,0.3096067686241842,-6.0867355949406985,-0.0032966987459285,-7.493262808118379,-0.0006915755309206,1.4065272131776805,-0.0026051232150079004,-9.989586839944746,-0.0016882867542441,-6.87088240844664,-0.03484295208557263,-0.03484295208557263,0.38518784155757463,0.7586484142827209,Surprise,P24
18,-0.5407857255672598,-0.0590430971458647,-9.989586839944746,-0.0016882867542441,-6.0867355949406985,-0.0032966987459285,-3.9028512450040473,0.0016084119916844003,-7.308719531061362,-0.0004161081285951,-8.499372480810665,-0.0208259509681197,-0.0208259509681197,0.4959795921155521,0.3234135497072544,CoCreation,P24
19,0.9383729441628074,1.4791586697300672,-7.308719531061362,-0.0004161081285951,-9.989586839944746,-0.0016882867542441,2.680867308883384,0.001272178625649,-7.298217548726631,-0.0011695526002596,-7.074964367702256,-0.03488300740705235,-0.03488300740705235,0.384658651394056,0.6949810841926242,Surprise,P24
20,-0.0612546578728592,-0.9996276020356666,-7.298217548726631,-0.0011695526002596,-7.308719531061362,-0.0004161081285951,0.010501982334730542,-0.0007534444716645,-9.92605048615881,-0.0067072329198707,-7.08340661140631,-0.03483436293611049,-0.03483436293611049,0.38481167680861633,0.7981644430721092,Surprise,P24
22,-0.0509165239752157,0.0103381338976434,-9.92605048615881,-0.0067072329198707,-7.298217548726631,-0.0011695526002596,-2.627832937432178,-0.0055376803196111,-7.208346936242755,-0.0001315677144512,-7.542899704912877,-0.034858093522704435,-0.034858093522704435,0.38579072111437396,0.5671663219085418,Surprise,P24
24,-0.6242266958537636,-1.1273599268678351,-7.208346936242755,-0.0001315677144512,-9.92605048615881,-0.0067072329198707,2.7177035499160542,0.0065756652054195005,-9.686139342722196,-0.0007660074756245,-7.057658724828443,-0.03507263611903167,-0.03507263611903167,0.38453520471152314,0.5669772781002118,Surprise,P24
27,2.0811866974314777,2.497356767663745,-9.686139342722196,-0.0007660074756245,-7.208346936242755,-0.0001315677144512,-2.477792406479441,-0.0006344397611733,-7.35912519741309,-0.0046668121625196,-7.501297973783672,-0.03482396847643105,-0.03482396847643105,0.3847436905305899,0.9020391569727505,Surprise,P24
19,0.3427889048838282,0.5407587116500441,-7.011570958930886,-0.0007045722277483,-8.170891140030152,-0.002506842362013,1.1593201810992664,0.0018022701342647,-8.409810296876426,-0.0011632969413842,-7.050093537109616,-0.03416044814094045,-0.03416044814094045,0.37687253836139994,0.6358549298335501,Surprise,P25
20,-0.4182941459029818,0.5170229720239274,-8.409810296876426,-0.0011632969413842,-7.011570958930886,-0.0007045722277483,-1.3982393379455402,-0.00045872471363590003,-6.468615294037272,-0.0011385200554041,-7.998449150940167,0.01770295293193104,-0.020029546814699442,0.512863669650899,0.24144468969058258,CoCreation,P25
24,0.2339739264085073,0.6522680723114892,-6.468615294037272,-0.0011385200554041,-8.409810296876426,-0.0011632969413842,1.9411950028391542,2.4776885980100057e-05,-9.84806529106076,-0.0022640779532411,-6.962766413610954,-0.03410688494348695,-0.03410688494348695,0.3769619014037206,0.5469614263547581,Surprise,P25
26,-0.4484227354168281,0.2452970520201343,-9.84806529106076,-0.0022640779532411,-6.468615294037272,-0.0011385200554041,-3.379449997023488,-0.001125557897837,-8.720212785127732,-0.0037237351076534,-8.073442867937233,0.01549808454380184,-0.02002624045028404,0.5129235511581778,0.28576329418444846,CoCreation,P25
6,1.673357348128489,2.3901614922709955,-7.581222586634998,-0.0011950111042142,-6.618079947443953,-0.0011275128332411,-0.9631426391910445,-6.74982709730999e-05,-6.794638430507981,-0.0022895015032906,-7.211208616442045,-0.0356268324849683,-0.0356268324849683,0.3929645962511266,0.8112621449691261,Surprise,P26
13,-0.6547935198241616,-2.3281508679526506,-6.794638430507981,-0.0022895015032906,-7.581222586634998,-0.0011950111042142,0.7865841561270166,-0.0010944903990764,-8.555734253155691,-8.232792030955999e-05,-7.1042888581031685,-0.03562818421666962,-0.03562818421666962,0.39315967880387537,0.8147625548795744,Surprise,P26
14,-0.4119052922734512,-0.0683523614206866,-8.555734253155691,-8.232792030955999e-05,-6.794638430507981,-0.0022895015032906,-1.76109582264771,0.00220717358298104,-6.193065211975335,-0.0009164379354835,-8.097380420722665,-0.020158464827553305,-0.020158464827553305,0.47977705205629306,0.364270798405795,CoCreation,P26
15,1.114652552878548,1.5265578451519992,-6.193065211975335,-0.0009164379354835,-8.555734253155691,-8.232792030955999e-05,2.3626690411803564,-0.00083411001517394,-8.723234216102966,-0.0042023516089044,-7.022595281758781,-0.03558932936369614,-0.03558932936369614,0.3929346565715028,0.760296325343816,Surprise,P26
16,0.2973449103168408,-0.8173076425617072,-8.723234216102966,-0.0042023516089044,-6.193065211975335,-0.0009164379354835,-2.5301690041276315,-0.0032859136734209,-6.028153230354909,-0.0004288442494673,-7.366759615106158,-0.03561621298769896,-0.03561621298769896,0.3935083140779564,0.8759012787538576,Surprise,P26
24,0.3488683309427566,0.0515234206259158,-6.028153230354909,-0.0004288442494673,-8.723234216102966,-0.0042023516089044,2.6950809857480573,0.0037735073594371,-5.550085602592808,-0.0013101876040178,-7.000167669703169,-0.03573873971542159,-0.03573873971542159,0.39276820776879023,0.7452193523306722,Surprise,P26
26,-0.5052911782908865,-0.6631774063035952,-5.550085602592808,-0.0013101876040178,-6.028153230354909,-0.0004288442494673,0.4780676277621012,-0.0008813433545505,-7.59435104528696,-0.0001075242555841,-8.152410577761094,-0.020151467392338532,-0.020151467392338532,0.48029381607012017,0.47780162380638314,CoCreation,P26
5,-0.1505372338725701,-0.5271544824685253,-7.834750498975875,-0.0019244981442447,-6.803946444092247,-0.0059392910103785,-1.0308040548836281,0.004014792866133801,-9.3055884482937,-0.0010092295614366,-7.171462658287582,-0.03650108531116007,-0.03650108531116007,0.37986978589327874,0.641485776605421,Surprise,P3
6,0.5952745004140706,0.6617557638670624,-9.3055884482937,-0.0010092295614366,-7.834750498975875,-0.0019244981442447,-1.4708379493178239,0.0009152685828080999,-6.610962235785198,-0.0006553903529543,-7.428189764610113,-0.03636421173699608,-0.03636421173699608,0.37974879636415154,0.7268993469673493,Surprise,P3
11,-0.0751503017482622,-0.6704248021623328,-6.610962235785198,-0.0006553903529543,-9.3055884482937,-0.0010092295614366,2.694626212508501,0.0003538392084823001,-6.603724530073302,-0.0039221065598929,-7.034192040054362,-0.03633312845526805,-0.03633312845526805,0.37969553709058107,0.7126192542131168,Surprise,P3
13,-0.2450867650124917,0.1364434307573195,-6.603724530073302,-0.0039221065598929,-6.610962235785198,-0.0006553903529543,0.00723770571189597,-0.0032667162069386,-7.153698174061557,-0.0013459690173715,-8.030505606149392,0.012195482536689815,-0.020039695656475617,0.5132255652173797,0.41262703616149204,CoCreation,P3
16,-0.9860771244431844,-1.8988298673113817,-7.153698174061557,-0.0013459690173715,-6.603724530073302,-0.0039221065598929,-0.5499736439882543,0.0025761375425214002,-8.93579718843921,-0.004114631655002,-7.058884716714863,-0.03643241318799517,-0.03643241318799517,0.3797880038687131,0.5448956663037532,Surprise,P3
17,0.3313409490425841,0.3543574432841408,-8.93579718843921,-0.004114631655002,-7.153698174061557,-0.0013459690173715,-1.7820990143776534,-0.0027686626376305003,-9.056599061099783,-0.0002347313473508,-7.354057749204019,-0.036341804951074454,-0.036341804951074454,0.3803041368914299,0.6715680984423322,Surprise,P3
19,0.346740747654603,0.0153997986120189,-9.056599061099783,-0.0002347313473508,-8.93579718843921,-0.004114631655002,-0.1208018726605733,0.0038799003076512,-7.320436563058736,-0.0009486100213371,-7.413714835125731,-0.03643993429927877,-0.03643993429927877,0.37958949683936066,0.7536843567889123,Surprise,P3
21,4.868765531267678e-05,0.1642676886981575,-7.320436563058736,-0.0009486100213371,-9.056599061099783,-0.0002347313473508,1.7361624980410477,-0.0007138786739863,-6.373140604231271,-0.0031601525902136,-7.141070607263655,-0.03630633461514529,-0.03630633461514529,0.37975529315373235,0.5428155651232783,Surprise,P3
26,1.9305664468292,1.6619680530081662,-6.373140604231271,-0.0031601525902136,-7.320436563058736,-0.0009486100213371,0.947295958827465,-0.0022115425688765,-6.855280394085927,-0.0030609065331523,-6.951359260992755,-0.03632897414327614,-0.03632897414327614,0.38013927706086,0.9486185632640992,Surprise,P3
7,-0.1106751237435051,0.5012394048316811,-9.004770019210701,-0.0205665497860154,-6.641527749714132,-0.0160028144527858,-2.3632422694965696,-0.0045637353332295995,-6.068454947144666,-0.0344502019491595,-8.356994195480858,-0.021713246447670538,-0.01941985312436026,0.4625466374834147,0.3978288869505729,CoCreation,P4
11,0.1805057888799932,-0.8517926753054539,-6.068454947144666,-0.0344502019491595,-9.004770019210701,-0.0205665497860154,2.9363150720660354,-0.013883652163144102,-8.341069948545757,-0.0301386904866477,-6.705070305041501,-0.035239006151739166,-0.035239006151739166,0.3856102304240602,0.847715997768796,Surprise,P4
12,0.5661013385983379,0.8774866043122651,-8.341069948545757,-0.0301386904866477,-6.068454947144666,-0.0344502019491595,-2.272615001401091,0.0043115114625118,-6.717024620539514,-0.027524614376583,-7.268016327045379,-0.035785205465809315,-0.035785205465809315,0.38477822112427335,0.6884933641538971,Surprise,P4
16,1.0849321350458936,0.5188307964475557,-6.717024620539514,-0.027524614376583,-8.341069948545757,-0.0301386904866477,1.6240453280062424,0.0026140761100647003,-7.85198065179297,-0.0335223653300208,-6.862429201260112,-0.03561814628281173,-0.03561814628281173,0.38434672007946713,0.9173837222503931,Surprise,P4
17,0.0732944251472179,0.4614613459298984,-7.85198065179297,-0.0335223653300208,-6.717024620539514,-0.027524614376583,-1.1349560312534557,-0.0059977509534378005,-9.725881300343652,-0.0294127400142894,-7.146549829085151,-0.03551194592875539,-0.03551194592875539,0.3854084505103107,0.5162145057335522,Surprise,P4
19,0.2952203700765503,0.2219259449293323,-9.725881300343652,-0.0294127400142894,-7.85198065179297,-0.0335223653300208,-1.8739006485506815,0.0041096253157314015,-7.710756143806987,-0.0151256003416671,-7.543450282831572,-0.03574936020758674,-0.03574936020758674,0.38465683346957674,0.6999344173506193,Surprise,P4
20,-0.804604549721734,-0.9357556443055924,-7.710756143806987,-0.0151256003416671,-9.725881300343652,-0.0294127400142894,2.015125156536665,0.014287139672622299,-7.235226398337638,-0.0237629310173377,-7.726798160498156,-0.019445471042818095,-0.019445471042818095,0.4591917991700384,0.3695094184163727,CoCreation,P4
22,0.1451389697775267,0.9497435194992608,-7.235226398337638,-0.0237629310173377,-7.710756143806987,-0.0151256003416671,0.47552974546934834,-0.008637330675670598,-9.508848739296903,-0.0340519165932441,-8.010485607778136,-0.028115077222053732,-0.019410784812621665,0.46315653062846723,0.42949199376828173,CoCreation,P4
23,-0.7129667165008975,-0.8815724327809025,-9.508848739296903,-0.0340519165932441,-7.235226398337638,-0.0237629310173377,-2.273622340959265,-0.010288985575906403,-6.770039993200121,-0.012469794577733,-8.308695038673113,-0.04871244648694392,-0.01939138669954428,0.4628896761261473,0.40751368585064085,CoCreation,P4
17,-0.2630893583845108,-1.0899643652077804,-10.46114591689676,-0.0015337840001221,-8.140712661622407,-0.0046281578982619,-2.3204332552743523,0.0030943738981397996,-7.66277140745296,-0.0081887672815881,-7.6217083634485965,-0.034822962655231805,-0.034822962655231805,0.38479897637862387,0.7127565533010832,Surprise,P5
22,-0.023393615073136,0.8906136993619459,-7.66277140745296,-0.0081887672815881,-10.46114591689676,-0.0015337840001221,2.7983745094438,-0.0066549832814659995,-6.7949659404756675,-0.000641643936922,-7.820488573256644,-0.020103781857075155,-0.020103781857075155,0.48110188988774993,0.3491873764188651,CoCreation,P5
26,2.2231723023736394,1.1498631844305782,-6.7949659404756675,-0.000641643936922,-7.66277140745296,-0.0081887672815881,0.8678054669772921,0.0075471233446661,-7.851819103885741,-0.0002485751176302,-7.007727637698759,-0.034960141725012155,-0.034960141725012155,0.38459039262485983,0.9849011950674467,Surprise,P5
27,0.4997027688581199,0.989540004182074,-7.851819103885741,-0.0002485751176302,-6.7949659404756675,-0.000641643936922,-1.0568531634100733,0.00039306881929179993,-6.6977323543973375,-0.0029450067285511,-7.170989681173761,-0.03467140644023358,-0.03467140644023358,0.38462483586234864,0.6117808930449166,Surprise,P5
8,0.056848072273632,-0.8782072611276162,-8.938423350838466,-0.0862582493567276,-8.150818823703682,-0.0372681579707608,-0.7876045271347838,-0.0489900913859668,-7.827564928836857,-0.0226154158748772,-7.380316156604774,-0.13667314451061854,-0.03584335420283666,0.3936328247046338,0.847683202778324,Surprise,P7
11,0.2799236692515272,0.3851665368580534,-7.827564928836857,-0.0226154158748772,-8.938423350838466,-0.0862582493567276,1.1108584220016091,0.0636428334818504,-8.72766227329914,-0.0425484526642884,-7.233863199812074,-0.037922619924581465,-0.037922619924581465,0.38431378376380637,0.6534874551750273,Surprise,P7
13,0.3870347912777104,0.602013504000632,-8.72766227329914,-0.0425484526642884,-7.827564928836857,-0.0226154158748772,-0.9000973444622833,-0.019933036789411204,-9.410178987353492,-0.0375735023702266,-7.330917507438526,-0.04982541896557585,-0.03527148636300095,0.3865184704334638,0.6494064424488767,Surprise,P7
14,0.2367469286866119,0.3536269813516673,-9.410178987353492,-0.0375735023702266,-8.72766227329914,-0.0425484526642884,-0.6825167140543513,0.0049749502940618015,-9.23077868172373,-0.0399742047995381,-7.484179328667554,-0.03904619030077942,-0.036100814439673785,0.38602685171671164,0.6387040162460723,Surprise,P7
18,1.122075298911774,0.885328370225162,-9.23077868172373,-0.0399742047995381,-9.410178987353492,-0.0375735023702266,0.17940030562976084,-0.0024007024293115006,-7.712263048324805,-0.0445177030179872,-7.4859183742434885,-0.04405550568594904,-0.03589290391312716,0.38633183237675106,0.8853002462993159,Surprise,P7
19,-0.0780274117447448,0.2550274280762859,-7.712263048324805,-0.0445177030179872,-9.23077868172373,-0.0399742047995381,1.518515633398926,-0.004543498218449099,-6.598739334095088,-0.014820777940971,-7.71052969297053,-0.01835624623125856,-0.01835624623125856,0.5126534751038461,0.48233691943875223,CoCreation,P7
21,0.1129994215716153,0.1910268333163602,-6.598739334095088,-0.014820777940971,-7.712263048324805,-0.0445177030179872,1.113523714229717,0.0296969250770162,-8.928521331182122,-0.0226233284402797,-6.975958798720677,-0.03620049736391602,-0.03620049736391602,0.3824837070342445,0.617121524398469,Surprise,P7
23,0.1196265478584359,0.389554974803559,-8.928521331182122,-0.0226233284402797,-6.598739334095088,-0.014820777940971,-2.329781997087034,-0.0078025504993087,-8.035228989104809,-0.0266664528462673,-7.307724471350494,-0.0349646242790937,-0.0349646242790937,0.3832749680851691,0.559221415386692,Surprise,P7
24,1.60509920529562,0.4804200464326298,-8.035228989104809,-0.0266664528462673,-8.928521331182122,-0.0226233284402797,0.8932923420773129,-0.0040431244059876,-9.882647147407395,-0.1349728571035724,-7.267520367915709,-0.035284478135298086,-0.035284478135298086,0.38402288320831596,0.9768462970366373,Surprise,P7
26,-0.270541700134479,-1.875640905430099,-9.882647147407395,-0.1349728571035724,-8.035228989104809,-0.0266664528462673,-1.8474181583025864,-0.1083064042573051,-8.347880882017028,-0.0209637411813114,-7.530124808618581,-0.2345801860515357,-0.03536552815560913,0.4012167666010309,0.900441680811028,Surprise,P7
27,1.3348225325709822,1.7126666892301827,-8.347880882017028,-0.0209637411813114,-9.882647147407395,-0.1349728571035724,1.5347662653903669,0.114009115922261,-6.201750535529935,-0.0254531636865024,-7.3625002717668,-0.03994104768410488,-0.03994104768410488,0.3847641759383669,0.8171949542763566,Surprise,P7
8,0.1488256983443382,-0.0604565757174837,-8.113979216284848,-0.035542095799277,-6.727896235487887,0.2436804283139614,-1.386082980796961,-0.2792225241132384,-8.871998314667257,-0.0236270670510219,-7.155804631714144,-0.04566393402241618,-0.025420257576137816,0.4026969579520444,0.678440871113241,Surprise,P8
10,0.2561094957988596,0.4805998549701924,-8.871998314667257,-0.0236270670510219,-8.113979216284848,-0.035542095799277,-0.7580190983824089,0.011915028748255101,-6.881820889897285,-0.0150625781056076,-7.350619456679301,-0.03622054572664767,-0.03622054572664767,0.3964002735599269,0.5838896719868772,Surprise,P8
14,0.4334628161396828,-0.479819505593018,-6.881820889897285,-0.0150625781056076,-8.871998314667257,-0.0236270670510219,1.9901774247699722,0.008564488945414301,-10.170812165919878,-0.0149042610831543,-6.97530076041493,-0.03576649605296743,-0.03576649605296743,0.3950233323299212,0.8721607055840628,Surprise,P8
15,-0.1450196790625126,0.4531093781469156,-10.170812165919878,-0.0149042610831543,-6.881820889897285,-0.0150625781056076,-3.2889912760225934,0.00015831702245329947,-7.872993307923783,-0.0196170372594944,-8.221786260677225,-0.019689625408266284,-0.019689625408266284,0.47945792753270994,0.3628546263402792,CoCreation,P8
16,0.1605889332230912,0.3056086122856039,-7.872993307923783,-0.0196170372594944,-10.170812165919878,-0.0149042610831543,2.297818857996096,-0.004712776176340099,-6.6567956247023625,-0.0503245839479667,-7.214132445441988,-0.03542595449790383,-0.03542595449790383,0.39597738598241067,0.5814847749752212,Surprise,P8
19,-0.5861161633142814,-0.7467050965373726,-6.6567956247023625,-0.0503245839479667,-7.872993307923783,-0.0196170372594944,1.21619768322142,-0.0307075466884723,-7.056456651705714,-0.0260253071814567,-7.974371596396099,-0.08105440776129716,-0.019594760134636235,0.48338065978179284,0.46697864705627506,CoCreation,P8
20,0.4856051429019989,-0.4988151725933161,-7.056456651705714,-0.0260253071814567,-6.6567956247023625,-0.0503245839479667,-0.3996610270033516,0.024299276766509996,-7.809003610558449,-0.0292948271213775,-6.94169623102807,-0.03679005275156593,-0.03679005275156593,0.3966172643290518,0.887440975771973,Surprise,P8
22,-0.7664008930909547,-1.2520060359929537,-7.809003610558449,-0.0292948271213775,-7.056456651705714,-0.0260253071814567,-0.7525469588527347,-0.0032695199399207994,-5.866111218216338,-0.0129295087129131,-7.104868061206736,-0.03584848141375052,-0.03584848141375052,0.3975693179552024,0.5154702552091789,Surprise,P8
24,1.3616410405495605,0.9295732338278172,-5.866111218216338,-0.0129295087129131,-7.809003610558449,-0.0292948271213775,1.9428923923421104,0.0163653184084644,-8.222117812669127,-0.0134568147085711,-6.7388548958408885,-0.035987146230207656,-0.035987146230207656,0.3945534735844775,0.9145259181937393,Surprise,P8
26,-0.3801361089162957,-0.2402586270669575,-8.222117812669127,-0.0134568147085711,-5.866111218216338,-0.0129295087129131,-2.356006594452789,-0.000527305995658001,-10.40585120695401,-0.0863869854357738,-8.296003620196005,-0.01969107532930191,-0.01969107532930191,0.47966526596717624,0.43341192012036384,CoCreation,P8
14,-0.2444771126338868,-1.882365882701516,-7.28291304275371,-0.0396953121121589,-6.230300736267102,-0.0321223525772864,-1.0526123064866075,-0.007572959534872498,-6.982098086326924,-0.0474566905012614,-7.126247746206255,-0.044438927493556525,-0.03495169673076127,0.3995122477091599,0.8599333933762344,Surprise,P9
15,-0.2234057537410149,0.6383345322348668,-6.982098086326924,-0.0474566905012614,-7.28291304275371,-0.0396953121121589,0.3008149564267857,-0.0077613783891025065,-5.9839023013673005,-0.0218735424060605,-8.087873824433524,-0.07558515357113613,-0.019328227431386673,0.4791091751646983,0.3021888044693593,CoCreation,P9
20,0.6274273011412576,0.8508330548822725,-5.9839023013673005,-0.0218735424060605,-6.982098086326924,-0.0474566905012614,0.9981957849596235,0.025583148095200903,-6.40459020124869,-0.0399606250085836,-6.927474704191351,-0.03558560009922152,-0.03558560009922152,0.3960526221412169,0.6948271713511827,Surprise,P9
22,-0.9551939653925104,0.0540046104869575,-6.40459020124869,-0.0399606250085836,-5.9839023013673005,-0.0218735424060605,-0.4206878998813899,-0.018087082602523098,-9.452388005238296,-0.0320992450455585,-8.258246809972665,-0.060589031037092705,-0.019332218980074492,0.4815025862749825,0.13770360043910754,CoCreation,P9
25,0.9122019889729666,0.9584083528981856,-9.452388005238296,-0.0320992450455585,-6.40459020124869,-0.0399606250085836,-3.0477978039896056,0.007861379963025099,-8.64731704121289,-0.0637905577027579,-7.4537635467837955,-0.035273826555384594,-0.035273826555384594,0.3980217204994858,0.7923683595286205,Surprise,P9
26,-0.6792316481521811,-0.8637170769360003,-8.64731704121289,-0.0637905577027579,-9.452388005238296,-0.0320992450455585,0.8050709640254059,-0.031691312657199405,-6.419107663701457,-0.0196170372594944,-7.801771007749572,-0.10830461957569179,-0.01927649582982402,0.48271114496229006,0.44028603735979155,CoCreation,P9
